<?xml version="1.0" encoding="UTF-8"?>
<modification>
    <name>SMSFly for Opencart 2.0+</name>
    <code>SMSFly Order</code>
    <version>2.1.3</version>
    <author>SMSFlyDev</author>
    <link>https://sms-fly.ua</link>
	
	<file path="admin/controller/common/column_left.php">
        <operation>
            <search><![CDATA[// Users]]></search>
            <add position="before"><![CDATA[
			//SMS-Fly
			if ($this->user->hasPermission('access', 'setting/setting')) {
				$system[] = array(
					'name'     => "SMS-Fly",
					'href'     => $this->url->link('setting/sfconfig', 'token=' . $this->session->data['token'], true),
					'children' => array()
				);
			}
			//
			]]>
            </add>
        </operation>
    </file>
	
	<file path="catalog/model/checkout/order.php">
        <operation>
            <search><![CDATA[if ($order_info) {]]></search>
            <add position="before"><![CDATA[
        //SMS_Fly
        if ($this->config->get('sfconfig_alert_client') || $this->config->get('sfconfig_alert_manager')) {
            require_once (DIR_SYSTEM . 'library/smsflyc.php');

            $smsfly = new SMSflyC($this->config->get('sfconfig_gate_username'),$this->config->get('sfconfig_gate_password'),$this->config->get('sfconfig_from'));

            $order_status_query = $this->db->query("SELECT * FROM " . DB_PREFIX . "order_status WHERE order_status_id = '$order_status_id' AND language_id = '{$order_info['language_id']}'");
            $order_status = ($order_status_query->num_rows) ? $order_status_query->row['name'] : '';

            $scount = $this->config->get('sfconfig_counter_ok');
            $ecount = $this->config->get('sfconfig_counter_err');

            if ($this->config->get('sfconfig_alert_client')) {
                if ( in_array('SID_'.$order_status_id, $this->config->get('sfconfig_status_check_client')) ) {
                    $sftemplates = $this->config->get('sfconfig_templates_client');
                    $sftemplate = $sftemplates['SID_'.$order_status_id];

                    $sfsmstext = str_replace(array('{ID}', '{DATE}', '{TIME}', '{SUM}', '{PHONE}', '{NAME}', '{SONAME}', '{STATUS}', '{COMMENT}'),
                        array($order_id, date('d.m.Y'), date('H:i'), number_format($order_info['total'], 2, ',', ' '), $order_info['telephone'], $order_info['firstname'], $order_info['lastname'], $order_status, $comment),
                        $sftemplate);
                    if ( $this->config->get('sfconfig_translit') == 1 ) $sfsmstext = SMSflyC::translit($sfsmstext);
                    $response = $smsfly->send($order_info['telephone'], $sfsmstext);

                    if ( isset($response['success']) && $response['success'] ) {
                        $this->db->query("UPDATE " . DB_PREFIX . "setting SET `value` = '" . $scount++ . "' WHERE `key` = 'sfconfig_counter_ok'");
                    } else {
                        $this->db->query("UPDATE " . DB_PREFIX . "setting SET `value` = '" . $ecount++ . "' WHERE `key` = 'sfconfig_counter_err'");
                    }
                }
            }

            if ($this->config->get('sfconfig_alert_manager')) {
                if ( in_array('SID_'.$order_status_id, $this->config->get('sfconfig_status_check_manager')) ) {
                    $sftemplates = $this->config->get('sfconfig_templates_manager');
                    $sftemplate = $sftemplates['SID_'.$order_status_id];

                    $sfsmstext = str_replace(array('{ID}', '{DATE}', '{TIME}', '{SUM}', '{PHONE}', '{NAME}', '{SONAME}', '{STATUS}', '{COMMENT}' ),
                        array($order_id, date('d.m.Y'), date('H:i'), number_format($order_info['total'], 2, ',', ' '), $order_info['telephone'], $order_info['firstname'], $order_info['lastname'] , $order_status, $comment),
                        $sftemplate);
                    if ( $this->config->get('sfconfig_translit') == 1 ) $sfsmstext = SMSflyC::translit($sfsmstext);

                    $sfphonesmng = explode(',',$this->config->get('sfconfig_to_manager'));
                    foreach ($sfphonesmng as $sfphonemng) {
                        $response = $smsfly->send($sfphonemng, $sfsmstext);

                        if ( isset($response['success']) && $response['success'] ) {
                            $this->db->query("UPDATE " . DB_PREFIX . "setting SET `value` = '" . $scount++ . "' WHERE `key` = 'sfconfig_counter_ok'");
                        } else {
                            $this->db->query("UPDATE " . DB_PREFIX . "setting SET `value` = '" . $ecount++ . "' WHERE `key` = 'sfconfig_counter_err'");
                        }
                    }
                }
            }

            if ( isset($sfsmstext) && !empty($sfsmstext) && ($this->config->get('sfconfig_copy_to_comment') == 1) ) $comment = 'SMS-fly: '.$sfsmstext;
        }
        //			]]>
            </add>
        </operation>
    </file>	
	
	<file path="admin/controller/common/header.php">
        <operation>
            <search><![CDATA[public function index() {]]></search>
            <add position="after"><![CDATA[
        //SMS_Fly
        if ( isset($this->session->data['token']) ) {
            $data['user_token'] = $this->session->data['token'];
            $data['sfurl_smsfly'] = $this->url->link('setting/sfconfig', 'token=' . $this->session->data['token'], true);

            $this->load->language('setting/smsflylang');
            $data['sfentry_otpravitsms'] = $this->language->get('sfentry_otpravitsms');
            $data['sfentry_nomerpoluchat'] = $this->language->get('sfentry_nomerpoluchat');
            $data['sfentry_tekstsoobshenia'] = $this->language->get('sfentry_tekstsoobshenia');
            $data['sfentry_soobshenie'] = $this->language->get('sfentry_soobshenie');
            $data['sfentry_statistika'] = $this->language->get('sfentry_statistika');
            $data['sfentry_oshibok'] = $this->language->get('sfentry_oshibok');
            $data['sfentry_otpravit'] = $this->language->get('sfentry_otpravit');
            $data['sfentry_otpravleno'] = $this->language->get('sfentry_otpravleno');
            $data['sfentry_nastroyki'] = $this->language->get('sfentry_nastroyki');
            $data['sfentry_oshibka'] = $this->language->get('sfentry_oshibka');
            $data['sfentry_balance'] = $this->language->get('sfentry_balance');

            $data['sfconfig_balance'] = $this->config->get('sfconfig_balance');
            $data['sfconfig_counter_ok'] = $this->config->get('sfconfig_counter_ok');
            $data['sfconfig_counter_err'] = $this->config->get('sfconfig_counter_err');
        }
        //
			]]>
            </add>
        </operation>
    </file>
	
	<file path="admin/view/template/common/header.tpl">
        <operation>
            <search><![CDATA[<ul class="nav pull-right">]]></search>
            <add position="after"><![CDATA[
  <!--SMS-Fly-->
  <li class="dropdown" style="width: 50px" id="smsflyrocket"><a class="dropdown-toggle text-center" data-toggle="dropdown"> <i class="fa fa-rocket fa-lg"></i></a>
    <ul class="dropdown-menu dropdown-menu-right alerts-dropdown">
      <li class="dropdown-header" style="width: 250px">SMS-Fly</li>
      <li class="dropdown-header"><?php echo $sfentry_balance ?><span class=" pull-right"><span id="sfbalance" class="label label-success"><?php echo $sfconfig_balance ?></span>&nbsp;<i id="smsfly-getBalance" style="cursor: pointer" class="fa fa-refresh"></i></span></li>
      <li class="divider"></li>
      <li class="dropdown-header"><?php echo $sfentry_otpravitsms?>
        <div class="form-group-sm">
          <input id="sfphone" class="form-control" type="text" placeholder="380XXYYYYYYY" style="margin-bottom: 3px; margin-top: 3px;" title="<?php echo $sfentry_nomerpoluchat?>">
          <textarea id="sftext" rows="4" class="form-control" placeholder="<?php echo $sfentry_soobshenie?>" style="margin-bottom: 3px" title="<?php echo $sfentry_tekstsoobshenia?>"></textarea>
          <input id="smsfly-sendSMS" class="form-control btn-info" type="button" value="<?php echo $sfentry_otpravit?>">
          <label id="smsfly-status" hidden></label>
        </div>
      </li>
      <li class="divider"></li>
      <li class="dropdown-header"><?php echo $sfentry_statistika?></li>
      <li><a style="display: block; overflow: auto;"><span id="sfsuccess" class="label label-success pull-right"><?php echo $sfconfig_counter_ok ?></span><?php echo $sfentry_otpravleno?></a></li>
      <li><a><span id="sferror" class="label label-danger pull-right"><?php echo $sfconfig_counter_err ?></span><?php echo $sfentry_oshibok?></a></li>
      <li class="divider"></li>
      <li><a href="<?php echo $sfurl_smsfly ?>"><?php echo $sfentry_nastroyki ?></a></li>
    </ul>
  </li>
  <script>
    let balanceButton = $('#smsfly-getBalance'), sendButton = $('#smsfly-sendSMS'), statusLabel = $('#smsfly-status')

    //Обновление баланса
    balanceButton.click(async function (e) {
      balanceButton.fadeOut()
      e.stopPropagation()
      let response = await fetch('index.php?route=setting/sfconfig/getBalance&token=<?php echo $user_token ?>')

      $('#sfbalance').text(await response.text())
      balanceButton.fadeIn()
    })

    //Отправка смс
    sendButton.click(async function (e) {

      let precheck = null, post = {
        to_phone : $('#sfphone').val(),
        text : $('#sftext').val()
      }

      if ( post.to_phone.length < 10 ) {
        precheck = 'Номер телефона не менее 10 цифр'
      }

      if ( post.text.length === 0 ) {
        precheck = 'Текст не может быть пустым'
      }

      if ( precheck !== null ) {
        showStatus(precheck)
        return
      }

      sendButton.prop('disabled', true)

      let response = await fetch('index.php?route=setting/sfconfig/sendSMS&token=<?php echo $user_token ?>', {
        method: 'POST',
        body: JSON.stringify(post),
        headers: {
          'Content-Type': 'application/json'
        }
      })
      let data = await response.json()

      let counter = $('#sfsuccess')
      if ( data.hasOwnProperty('success') && data.success ) {
        showStatus('Сообщение отправлено')
        balanceButton.trigger('click')
        sendButton.prop('disabled', false)
      } else {
        if ( data.hasOwnProperty('error_message') ) showStatus(data.error_message, 'block')
        else showStatus('Ошибка', 'block')
        counter = $('#sferror')
      }
      counter.text(Number(counter.text()) + 1)
    })

    function showStatus(text, block) {
      statusLabel.text(text)
      statusLabel.fadeIn()
      setTimeout(() => {
        if (block !== 'block') statusLabel.fadeOut()
      }, 3000)
    }
  </script>
  <!---->			]]>
            </add>
        </operation>
    </file>

    <file path="admin/view/template/sale/order_info.tpl">
        <operation>
            <search><![CDATA[<label class="col-sm-2 control-label" for="input-comment"><?php echo $entry_comment; ?></label>]]></search>
            <add position="before" offset="1"><![CDATA[
                <!--SMS-fly-->
                <div class="form-group">
                  <label class="col-sm-2 control-label" for="smsfly-input-notify"><span data-toggle="tooltip" title="Отправить пользователю смс с комментарием ниже">Отправить СМС</span></label>
                  <div class="col-sm-10">
                    <div class="checkbox">
                      <input type="checkbox" name="smsfly-notify" value="1" id="smsfly-input-notify"/>
                    </div>
                  </div>
                </div>
                <!---->
            ]]>
            </add>
        </operation>
        <operation>
            <search><![CDATA[$('#button-history').on('click', function() {]]></search>
            <add position="after"><![CDATA[
      //SMS-fly
      if ( $('#smsfly-input-notify').prop('checked') ) {
        fetch('index.php?route=setting/sfconfig/sendSMS&token={{ user_token }}', {
          method: 'POST',
          body: JSON.stringify({
            to_phone: "{{ telephone }}",
            text: $('textarea[name=\'comment\']').val()
          }),
          headers: {
            'Content-Type': 'application/json'
          }
        })
      }
      //
            ]]>
            </add>
        </operation>
    </file>
</modification>